"Country Name","Country Code","Indicator Name","Indicator Code","1960","1961","1962","1963","1964","1965","1966","1967","1968","1969","1970","1971","1972","1973","1974","1975","1976","1977","1978","1979","1980","1981","1982","1983","1984","1985","1986","1987","1988","1989","1990","1991","1992","1993","1994","1995","1996","1997","1998","1999","2000","2001","2002","2003","2004","2005","2006","2007","2008","2009","2010","2011","2012","2013","2014","2015","2016","2017","2018","2019","2020","2021","2022",
"Aruba","ABW","Urban land area (sq. km)","AG.LND.TOTL.UR.K2","","","","","","","","","","","","","","","","","","","","","","","","","","","","","","","72.3108893004","","","","","","","","","","87.35285803815","","","","","","","","","","","","","","","97.34080781558","","","","","","","",
"Africa Eastern and Southern","AFE","Urban land area (sq. km)","AG.LND.TOTL.UR.K2","","","","","","","","","","","","","","","","","","","","","","","","","","","","","","","35883.6113262375","","","","","","","","","","47545.0687305638","","","","","","","","","","","","","","","63984.1243767853","","","","","","","",
"Afghanistan","AFG","Urban land area (sq. km)","AG.LND.TOTL.UR.K2","","","","","","","","","","","","","","","","","","","","","","","","","","","","","","","1309.672466805","","","","","","","","","","2280.088881826","","","","","","","","","","","","","","","3993.83610705","","","","","","","",
"Africa Western and Central","AFW","Urban land area (sq. km)","AG.LND.TOTL.UR.K2","","","","","","","","","","","","","","","","","","","","","","","","","","","","","","","30308.5662748931","","","","","","","","","","38443.6872190038","","","","","","","","","","","","","","","51046.987690028","","","","","","","",
"Angola","AGO","Urban land area (sq. km)","AG.LND.TOTL.UR.K2","","","","","","","","","","","","","","","","","","","","","","","","","","","","","","","1559.94768115246","","","","","","","","","","2010.4416603827","","","","","","","","","","","","","","","2991.3469865533","","","","","","","",
"Albania","ALB","Urban land area (sq. km)","AG.LND.TOTL.UR.K2","","","","","","","","","","","","","","","","","","","","","","","","","","","","","","","596.86092547715","","","","","","","","","","790.05473415509","","","","","","","","","","","","","","","827.69395654173","","","","","","","",
"Andorra","AND","Urban land area (sq. km)","AG.LND.TOTL.UR.K2","","","","","","","","","","","","","","","","","","","","","","","","","","","","","","","18.0436834805","","","","","","","","","","31.854123801","","","","","","","","","","","","","","","30.9358154312","","","","","","","",
"Arab World","ARB","Urban land area (sq. km)","AG.LND.TOTL.UR.K2","","","","","","","","","","","","","","","","","","","","","","","","","","","","","","","47990.206198227","","","","","","","","","","60338.9136733551","","","","","","","","","","","","","","","76974.6325607486","","","","","","","",
"United Arab Emirates","ARE","Urban land area (sq. km)","AG.LND.TOTL.UR.K2","","","","","","","","","","","","","","","","","","","","","","","","","","","","","","","1060.873607515","","","","","","","","","","1386.317341611","","","","","","","","","","","","","","","2263.10504571","","","","","","","",
"Argentina","ARG","Urban land area (sq. km)","AG.LND.TOTL.UR.K2","","","","","","","","","","","","","","","","","","","","","","","","","","","","","","","8570.4179461242","","","","","","","","","","10030.146186676","","","","","","","","","","","","","","","11432.7305610191","","","","","","","",
"Armenia","ARM","Urban land area (sq. km)","AG.LND.TOTL.UR.K2","","","","","","","","","","","","","","","","","","","","","","","","","","","","","","","874.969537926","","","","","","","","","","887.446253324","","","","","","","","","","","","","","","922.33502653","","","","","","","",
"American Samoa","ASM","Urban land area (sq. km)","AG.LND.TOTL.UR.K2","","","","","","","","","","","","","","","","","","","","","","","","","","","","","","","11.913868005385","","","","","","","","","","11.913868005385","","","","","","","","","","","","","","","23.43530367779","","","","","","","",
"Antigua and Barbuda","ATG","Urban land area (sq. km)","AG.LND.TOTL.UR.K2","","","","","","","","","","","","","","","","","","","","","","","","","","","","","","","26.25936951578","","","","","","","","","","28.94490906874","","","","","","","","","","","","","","","31.86330246835","","","","","","","",
"Australia","AUS","Urban land area (sq. km)","AG.LND.TOTL.UR.K2","","","","","","","","","","","","","","","","","","","","","","","","","","","","","","","10027.780417343","","","","","","","","","","10794.841680659","","","","","","","","","","","","","","","11945.986036946","","","","","","","",
"Austria","AUT","Urban land area (sq. km)","AG.LND.TOTL.UR.K2","","","","","","","","","","","","","","","","","","","","","","","","","","","","","","","2512.61623932","","","","","","","","","","2685.348713011","","","","","","","","","","","","","","","2973.712010219","","","","","","","",
"Azerbaijan","AZE","Urban land area (sq. km)","AG.LND.TOTL.UR.K2","","","","","","","","","","","","","","","","","","","","","","","","","","","","","","","1823.90461321","","","","","","","","","","2145.736266697","","","","","","","","","","","","","","","2589.858867181","","","","","","","",
"Burundi","BDI","Urban land area (sq. km)","AG.LND.TOTL.UR.K2","","","","","","","","","","","","","","","","","","","","","","","","","","","","","","","416.061402492","","","","","","","","","","568.54775748","","","","","","","","","","","","","","","887.842343383","","","","","","","",
"Belgium","BEL","Urban land area (sq. km)","AG.LND.TOTL.UR.K2","","","","","","","","","","","","","","","","","","","","","","","","","","","","","","","6642.2052147843","","","","","","","","","","6961.534982994","","","","","","","","","","","","","","","7730.879239745","","","","","","","",
"Benin","BEN","Urban land area (sq. km)","AG.LND.TOTL.UR.K2","","","","","","","","","","","","","","","","","","","","","","","","","","","","","","","1014.6356801175","","","","","","","","","","1413.5481945591","","","","","","","","","","","","","","","2005.9093441513","","","","","","","",
"Burkina Faso","BFA","Urban land area (sq. km)","AG.LND.TOTL.UR.K2","","","","","","","","","","","","","","","","","","","","","","","","","","","","","","","940.209081152","","","","","","","","","","1212.414139403","","","","","","","","","","","","","","","1599.295141703","","","","","","","",
"Bangladesh","BGD","Urban land area (sq. km)","AG.LND.TOTL.UR.K2","","","","","","","","","","","","","","","","","","","","","","","","","","","","","","","46298.409398434","","","","","","","","","","51109.24139721","","","","","","","","","","","","","","","56970.02069378","","","","","","","",
"Bulgaria","BGR","Urban land area (sq. km)","AG.LND.TOTL.UR.K2","","","","","","","","","","","","","","","","","","","","","","","","","","","","","","","2458.27458257894","","","","","","","","","","2298.23006524629","","","","","","","","","","","","","","","2109.34419338666","","","","","","","",
"Bahrain","BHR","Urban land area (sq. km)","AG.LND.TOTL.UR.K2","","","","","","","","","","","","","","","","","","","","","","","","","","","","","","","259.0865296102","","","","","","","","","","284.019768575","","","","","","","","","","","","","","","330.2917370002","","","","","","","",
"Bahamas, The","BHS","Urban land area (sq. km)","AG.LND.TOTL.UR.K2","","","","","","","","","","","","","","","","","","","","","","","","","","","","","","","160.81233098939","","","","","","","","","","177.94484822138","","","","","","","","","","","","","","","203.74424328","","","","","","","",
"Bosnia and Herzegovina","BIH","Urban land area (sq. km)","AG.LND.TOTL.UR.K2","","","","","","","","","","","","","","","","","","","","","","","","","","","","","","","1316.158258267","","","","","","","","","","1469.420647608","","","","","","","","","","","","","","","1641.927708162","","","","","","","",
"Belarus","BLR","Urban land area (sq. km)","AG.LND.TOTL.UR.K2","","","","","","","","","","","","","","","","","","","","","","","","","","","","","","","3179.480134043","","","","","","","","","","3170.850644675","","","","","","","","","","","","","","","2882.604490276","","","","","","","",
"Belize","BLZ","Urban land area (sq. km)","AG.LND.TOTL.UR.K2","","","","","","","","","","","","","","","","","","","","","","","","","","","","","","","67.2068537478","","","","","","","","","","97.0804126788","","","","","","","","","","","","","","","122.899862862001","","","","","","","",
"Bermuda","BMU","Urban land area (sq. km)","AG.LND.TOTL.UR.K2","","","","","","","","","","","","","","","","","","","","","","","","","","","","","","","33.36227176549","","","","","","","","","","34.09296538802","","","","","","","","","","","","","","","41.96724761788","","","","","","","",
"Bolivia","BOL","Urban land area (sq. km)","AG.LND.TOTL.UR.K2","","","","","","","","","","","","","","","","","","","","","","","","","","","","","","","1214.23819343","","","","","","","","","","1503.991444238","","","","","","","","","","","","","","","1767.519043522","","","","","","","",
"Brazil","BRA","Urban land area (sq. km)","AG.LND.TOTL.UR.K2","","","","","","","","","","","","","","","","","","","","","","","","","","","","","","","34620.952425119","","","","","","","","","","41034.544256159","","","","","","","","","","","","","","","45853.339612948","","","","","","","",
"Barbados","BRB","Urban land area (sq. km)","AG.LND.TOTL.UR.K2","","","","","","","","","","","","","","","","","","","","","","","","","","","","","","","160.61493280911","","","","","","","","","","174.79495313395","","","","","","","","","","","","","","","187.58808114682","","","","","","","",
"Brunei Darussalam","BRN","Urban land area (sq. km)","AG.LND.TOTL.UR.K2","","","","","","","","","","","","","","","","","","","","","","","","","","","","","","","115.2252348347","","","","","","","","","","164.2445019451","","","","","","","","","","","","","","","199.17236852322","","","","","","","",
"Bhutan","BTN","Urban land area (sq. km)","AG.LND.TOTL.UR.K2","","","","","","","","","","","","","","","","","","","","","","","","","","","","","","","11.49908491969","","","","","","","","","","14.42047259583","","","","","","","","","","","","","","","28.60276836902","","","","","","","",
"Botswana","BWA","Urban land area (sq. km)","AG.LND.TOTL.UR.K2","","","","","","","","","","","","","","","","","","","","","","","","","","","","","","","489.3486319934","","","","","","","","","","659.12530727","","","","","","","","","","","","","","","804.345993534","","","","","","","",
"Central African Republic","CAF","Urban land area (sq. km)","AG.LND.TOTL.UR.K2","","","","","","","","","","","","","","","","","","","","","","","","","","","","","","","354.0929459723","","","","","","","","","","438.3968809261","","","","","","","","","","","","","","","535.375880953","","","","","","","",
"Canada","CAN","Urban land area (sq. km)","AG.LND.TOTL.UR.K2","","","","","","","","","","","","","","","","","","","","","","","","","","","","","","","11777.1678717079","","","","","","","","","","12775.5617567098","","","","","","","","","","","","","","","13983.1142967339","","","","","","","",
"Central Europe and the Baltics","CEB","Urban land area (sq. km)","AG.LND.TOTL.UR.K2","","","","","","","","","","","","","","","","","","","","","","","","","","","","","","","34237.6448930341","","","","","","","","","","35476.8581468248","","","","","","","","","","","","","","","36530.9179760506","","","","","","","",
"Switzerland","CHE","Urban land area (sq. km)","AG.LND.TOTL.UR.K2","","","","","","","","","","","","","","","","","","","","","","","","","","","","","","","3066.311174795","","","","","","","","","","3388.774180366","","","","","","","","","","","","","","","4016.815073034","","","","","","","",
"Channel Islands","CHI","Urban land area (sq. km)","AG.LND.TOTL.UR.K2","","","","","","","","","","","","","","","","","","","","","","","","","","","","","","","","","","","","","","","","","","","","","","","","","","","","","","","","","","","","","","","",
"Chile","CHL","Urban land area (sq. km)","AG.LND.TOTL.UR.K2","","","","","","","","","","","","","","","","","","","","","","","","","","","","","","","2594.7194166335","","","","","","","","","","3089.1963772392","","","","","","","","","","","","","","","3579.6703573598","","","","","","","",
"China","CHN","Urban land area (sq. km)","AG.LND.TOTL.UR.K2","","","","","","","","","","","","","","","","","","","","","","","","","","","","","","","362455.80240613","","","","","","","","","","436715.38991649","","","","","","","","","","","","","","","522345.1853048","","","","","","","",
"Cote d'Ivoire","CIV","Urban land area (sq. km)","AG.LND.TOTL.UR.K2","","","","","","","","","","","","","","","","","","","","","","","","","","","","","","","1763.4252376137","","","","","","","","","","2333.2620025317","","","","","","","","","","","","","","","2981.9568951999","","","","","","","",
"Cameroon","CMR","Urban land area (sq. km)","AG.LND.TOTL.UR.K2","","","","","","","","","","","","","","","","","","","","","","","","","","","","","","","1564.19766063064","","","","","","","","","","1999.38691517046","","","","","","","","","","","","","","","2352.11104215641","","","","","","","",
"Congo, Dem. Rep.","COD","Urban land area (sq. km)","AG.LND.TOTL.UR.K2","","","","","","","","","","","","","","","","","","","","","","","","","","","","","","","3519.05572167604","","","","","","","","","","4835.31119500824","","","","","","","","","","","","","","","7232.34541936721","","","","","","","",
"Congo, Rep.","COG","Urban land area (sq. km)","AG.LND.TOTL.UR.K2","","","","","","","","","","","","","","","","","","","","","","","","","","","","","","","343.511781068176","","","","","","","","","","444.171267163362","","","","","","","","","","","","","","","420.2625750865","","","","","","","",
"Colombia","COL","Urban land area (sq. km)","AG.LND.TOTL.UR.K2","","","","","","","","","","","","","","","","","","","","","","","","","","","","","","","4018.9784971614","","","","","","","","","","4621.6506242638","","","","","","","","","","","","","","","5114.5584541567","","","","","","","",
"Comoros","COM","Urban land area (sq. km)","AG.LND.TOTL.UR.K2","","","","","","","","","","","","","","","","","","","","","","","","","","","","","","","65.589861280211","","","","","","","","","","67.724593588121","","","","","","","","","","","","","","","142.53415404781","","","","","","","",
"Cabo Verde","CPV","Urban land area (sq. km)","AG.LND.TOTL.UR.K2","","","","","","","","","","","","","","","","","","","","","","","","","","","","","","","48.22070506308","","","","","","","","","","54.82349151835","","","","","","","","","","","","","","","59.554326767999","","","","","","","",
"Costa Rica","CRI","Urban land area (sq. km)","AG.LND.TOTL.UR.K2","","","","","","","","","","","","","","","","","","","","","","","","","","","","","","","963.9493329708","","","","","","","","","","1204.713390047","","","","","","","","","","","","","","","1475.94358331317","","","","","","","",
"Caribbean small states","CSS","Urban land area (sq. km)","AG.LND.TOTL.UR.K2","","","","","","","","","","","","","","","","","","","","","","","","","","","","","","","2285.07223791348","","","","","","","","","","2664.09646556637","","","","","","","","","","","","","","","3051.10718091291","","","","","","","",
"Cuba","CUB","Urban land area (sq. km)","AG.LND.TOTL.UR.K2","","","","","","","","","","","","","","","","","","","","","","","","","","","","","","","2455.196357536","","","","","","","","","","2749.245639152","","","","","","","","","","","","","","","3053.18468179","","","","","","","",
"Curacao","CUW","Urban land area (sq. km)","AG.LND.TOTL.UR.K2","","","","","","","","","","","","","","","","","","","","","","","","","","","","","","","110.888002128329","","","","","","","","","","111.799224312409","","","","","","","","","","","","","","","118.118928362573","","","","","","","",
"Cayman Islands","CYM","Urban land area (sq. km)","AG.LND.TOTL.UR.K2","","","","","","","","","","","","","","","","","","","","","","","","","","","","","","","17.039544197728","","","","","","","","","","27.61728553966","","","","","","","","","","","","","","","43.96772397219","","","","","","","",
"Cyprus","CYP","Urban land area (sq. km)","AG.LND.TOTL.UR.K2","","","","","","","","","","","","","","","","","","","","","","","","","","","","","","","316.21280483177","","","","","","","","","","396.87767168529","","","","","","","","","","","","","","","518.98037655244","","","","","","","",
"Czechia","CZE","Urban land area (sq. km)","AG.LND.TOTL.UR.K2","","","","","","","","","","","","","","","","","","","","","","","","","","","","","","","3545.584422921","","","","","","","","","","3671.506244637","","","","","","","","","","","","","","","4023.3993128","","","","","","","",
"Germany","DEU","Urban land area (sq. km)","AG.LND.TOTL.UR.K2","","","","","","","","","","","","","","","","","","","","","","","","","","","","","","","34563.291164689","","","","","","","","","","36535.101513222","","","","","","","","","","","","","","","36996.443574016","","","","","","","",
"Djibouti","DJI","Urban land area (sq. km)","AG.LND.TOTL.UR.K2","","","","","","","","","","","","","","","","","","","","","","","","","","","","","","","35.53196287717","","","","","","","","","","37.29893894311","","","","","","","","","","","","","","","51.25016233939","","","","","","","",
"Dominica","DMA","Urban land area (sq. km)","AG.LND.TOTL.UR.K2","","","","","","","","","","","","","","","","","","","","","","","","","","","","","","","15.19067001625","","","","","","","","","","18.842637638535","","","","","","","","","","","","","","","20.999402631043","","","","","","","",
"Denmark","DNK","Urban land area (sq. km)","AG.LND.TOTL.UR.K2","","","","","","","","","","","","","","","","","","","","","","","","","","","","","","","2017.3840957102","","","","","","","","","","2103.7653178079","","","","","","","","","","","","","","","2235.4865365007","","","","","","","",
"Dominican Republic","DOM","Urban land area (sq. km)","AG.LND.TOTL.UR.K2","","","","","","","","","","","","","","","","","","","","","","","","","","","","","","","1442.2313157003","","","","","","","","","","2007.750940419","","","","","","","","","","","","","","","2504.4863586839","","","","","","","",
"Algeria","DZA","Urban land area (sq. km)","AG.LND.TOTL.UR.K2","","","","","","","","","","","","","","","","","","","","","","","","","","","","","","","5850.9057641325","","","","","","","","","","7652.3558361744","","","","","","","","","","","","","","","9357.0997471495","","","","","","","",
"East Asia & Pacific (excluding high income)","EAP","Urban land area (sq. km)","AG.LND.TOTL.UR.K2","","","","","","","","","","","","","","","","","","","","","","","","","","","","","","","461070.069821038","","","","","","","","","","563864.087806879","","","","","","","","","","","","","","","673788.15249636","","","","","","","",
"Early-demographic dividend","EAR","Urban land area (sq. km)","AG.LND.TOTL.UR.K2","","","","","","","","","","","","","","","","","","","","","","","","","","","","","","","345302.456907568","","","","","","","","","","437778.697410025","","","","","","","","","","","","","","","564689.537802424","","","","","","","",
"East Asia & Pacific","EAS","Urban land area (sq. km)","AG.LND.TOTL.UR.K2","","","","","","","","","","","","","","","","","","","","","","","","","","","","","","","539108.131832404","","","","","","","","","","647364.915590805","","","","","","","","","","","","","","","761927.287096338","","","","","","","",
"Europe & Central Asia (excluding high income)","ECA","Urban land area (sq. km)","AG.LND.TOTL.UR.K2","","","","","","","","","","","","","","","","","","","","","","","","","","","","","","","117024.312623398","","","","","","","","","","125680.869888176","","","","","","","","","","","","","","","131300.190209548","","","","","","","",
"Europe & Central Asia","ECS","Urban land area (sq. km)","AG.LND.TOTL.UR.K2","","","","","","","","","","","","","","","","","","","","","","","","","","","","","","","291322.406620266","","","","","","","","","","310468.473892774","","","","","","","","","","","","","","","327818.305609361","","","","","","","",
"Ecuador","ECU","Urban land area (sq. km)","AG.LND.TOTL.UR.K2","","","","","","","","","","","","","","","","","","","","","","","","","","","","","","","1623.3629532055","","","","","","","","","","1984.9157484311","","","","","","","","","","","","","","","2293.8454686048","","","","","","","",
"Egypt, Arab Rep.","EGY","Urban land area (sq. km)","AG.LND.TOTL.UR.K2","","","","","","","","","","","","","","","","","","","","","","","","","","","","","","","13257.800746638","","","","","","","","","","16023.085900475","","","","","","","","","","","","","","","18917.96115821","","","","","","","",
"Euro area","EMU","Urban land area (sq. km)","AG.LND.TOTL.UR.K2","","","","","","","","","","","","","","","","","","","","","","","","","","","","","","","115114.783259574","","","","","","","","","","123482.288553758","","","","","","","","","","","","","","","131942.127373903","","","","","","","",
"Eritrea","ERI","Urban land area (sq. km)","AG.LND.TOTL.UR.K2","","","","","","","","","","","","","","","","","","","","","","","","","","","","","","","187.49975158554","","","","","","","","","","234.86606434972","","","","","","","","","","","","","","","331.19181850798","","","","","","","",
"Spain","ESP","Urban land area (sq. km)","AG.LND.TOTL.UR.K2","","","","","","","","","","","","","","","","","","","","","","","","","","","","","","","12524.454030086","","","","","","","","","","13941.633079322","","","","","","","","","","","","","","","15655.069409499","","","","","","","",
"Estonia","EST","Urban land area (sq. km)","AG.LND.TOTL.UR.K2","","","","","","","","","","","","","","","","","","","","","","","","","","","","","","","346.34631663069","","","","","","","","","","435.35259762988","","","","","","","","","","","","","","","449.97232757147","","","","","","","",
"Ethiopia","ETH","Urban land area (sq. km)","AG.LND.TOTL.UR.K2","","","","","","","","","","","","","","","","","","","","","","","","","","","","","","","2800.53822256","","","","","","","","","","3934.94802042","","","","","","","","","","","","","","","5760.6647148","","","","","","","",
"European Union","EUU","Urban land area (sq. km)","AG.LND.TOTL.UR.K2","","","","","","","","","","","","","","","","","","","","","","","","","","","","","","","150458.877913395","","","","","","","","","","160018.479887393","","","","","","","","","","","","","","","169850.471512345","","","","","","","",
"Fragile and conflict affected situations","FCS","Urban land area (sq. km)","AG.LND.TOTL.UR.K2","","","","","","","","","","","","","","","","","","","","","","","","","","","","","","","73373.5912339294","","","","","","","","","","89737.024454058","","","","","","","","","","","","","","","113378.508646439","","","","","","","",
"Finland","FIN","Urban land area (sq. km)","AG.LND.TOTL.UR.K2","","","","","","","","","","","","","","","","","","","","","","","","","","","","","","","1995.7169364328","","","","","","","","","","2121.4971932498","","","","","","","","","","","","","","","2242.6594416467","","","","","","","",
"Fiji","FJI","Urban land area (sq. km)","AG.LND.TOTL.UR.K2","","","","","","","","","","","","","","","","","","","","","","","","","","","","","","","81.44603655778","","","","","","","","","","83.80931876143","","","","","","","","","","","","","","","117.25678130726","","","","","","","",
"France","FRA","Urban land area (sq. km)","AG.LND.TOTL.UR.K2","","","","","","","","","","","","","","","","","","","","","","","","","","","","","","","19344.025341062","","","","","","","","","","20827.760948228","","","","","","","","","","","","","","","23030.660881956","","","","","","","",
"Faroe Islands","FRO","Urban land area (sq. km)","AG.LND.TOTL.UR.K2","","","","","","","","","","","","","","","","","","","","","","","","","","","","","","","0","","","","","","","","","","0","","","","","","","","","","","","","","","0","","","","","","","",
"Micronesia, Fed. Sts.","FSM","Urban land area (sq. km)","AG.LND.TOTL.UR.K2","","","","","","","","","","","","","","","","","","","","","","","","","","","","","","","4.395958186124","","","","","","","","","","4.395958186124","","","","","","","","","","","","","","","7.519302931613","","","","","","","",
"Gabon","GAB","Urban land area (sq. km)","AG.LND.TOTL.UR.K2","","","","","","","","","","","","","","","","","","","","","","","","","","","","","","","236.83329412357","","","","","","","","","","268.99227458646","","","","","","","","","","","","","","","311.59997007957","","","","","","","",
"United Kingdom","GBR","Urban land area (sq. km)","AG.LND.TOTL.UR.K2","","","","","","","","","","","","","","","","","","","","","","","","","","","","","","","21541.503078803","","","","","","","","","","21830.391507229","","","","","","","","","","","","","","","22675.976252161","","","","","","","",
"Georgia","GEO","Urban land area (sq. km)","AG.LND.TOTL.UR.K2","","","","","","","","","","","","","","","","","","","","","","","","","","","","","","","1413.32467206181","","","","","","","","","","1348.86491755873","","","","","","","","","","","","","","","1130.1634098862","","","","","","","",
"Ghana","GHA","Urban land area (sq. km)","AG.LND.TOTL.UR.K2","","","","","","","","","","","","","","","","","","","","","","","","","","","","","","","3298.2838473911","","","","","","","","","","4195.5921859384","","","","","","","","","","","","","","","5559.5497888859","","","","","","","",
"Gibraltar","GIB","Urban land area (sq. km)","AG.LND.TOTL.UR.K2","","","","","","","","","","","","","","","","","","","","","","","","","","","","","","","7.398828951639","","","","","","","","","","7.398828951639","","","","","","","","","","","","","","","7.398828951639","","","","","","","",
"Guinea","GIN","Urban land area (sq. km)","AG.LND.TOTL.UR.K2","","","","","","","","","","","","","","","","","","","","","","","","","","","","","","","810.73282096936","","","","","","","","","","1090.31591525","","","","","","","","","","","","","","","1390.66357912241","","","","","","","",
"Gambia, The","GMB","Urban land area (sq. km)","AG.LND.TOTL.UR.K2","","","","","","","","","","","","","","","","","","","","","","","","","","","","","","","176.6985472552","","","","","","","","","","258.09768922724","","","","","","","","","","","","","","","338.74891276451","","","","","","","",
"Guinea-Bissau","GNB","Urban land area (sq. km)","AG.LND.TOTL.UR.K2","","","","","","","","","","","","","","","","","","","","","","","","","","","","","","","133.1412343813","","","","","","","","","","164.24678315426","","","","","","","","","","","","","","","196.26400685892","","","","","","","",
"Equatorial Guinea","GNQ","Urban land area (sq. km)","AG.LND.TOTL.UR.K2","","","","","","","","","","","","","","","","","","","","","","","","","","","","","","","79.26024406695","","","","","","","","","","104.61637445089","","","","","","","","","","","","","","","136.73434418639","","","","","","","",
"Greece","GRC","Urban land area (sq. km)","AG.LND.TOTL.UR.K2","","","","","","","","","","","","","","","","","","","","","","","","","","","","","","","2370.8795704057","","","","","","","","","","2664.3333004573","","","","","","","","","","","","","","","2748.6634607268","","","","","","","",
"Grenada","GRD","Urban land area (sq. km)","AG.LND.TOTL.UR.K2","","","","","","","","","","","","","","","","","","","","","","","","","","","","","","","44.09126916462","","","","","","","","","","63.28370897771","","","","","","","","","","","","","","","68.51966222491","","","","","","","",
"Greenland","GRL","Urban land area (sq. km)","AG.LND.TOTL.UR.K2","","","","","","","","","","","","","","","","","","","","","","","","","","","","","","","0.912475598976","","","","","","","","","","2.5829688655263","","","","","","","","","","","","","","","2.5829688655263","","","","","","","",
"Guatemala","GTM","Urban land area (sq. km)","AG.LND.TOTL.UR.K2","","","","","","","","","","","","","","","","","","","","","","","","","","","","","","","1587.44832249959","","","","","","","","","","2177.21079543308","","","","","","","","","","","","","","","2900.62182785529","","","","","","","",
"Guam","GUM","Urban land area (sq. km)","AG.LND.TOTL.UR.K2","","","","","","","","","","","","","","","","","","","","","","","","","","","","","","","76.92088804301","","","","","","","","","","79.73729674423","","","","","","","","","","","","","","","83.79810474723","","","","","","","",
"Guyana","GUY","Urban land area (sq. km)","AG.LND.TOTL.UR.K2","","","","","","","","","","","","","","","","","","","","","","","","","","","","","","","160.317344807576","","","","","","","","","","169.319712959876","","","","","","","","","","","","","","","165.726375442426","","","","","","","",
"High income","HIC","Urban land area (sq. km)","AG.LND.TOTL.UR.K2","","","","","","","","","","","","","","","","","","","","","","","","","","","","","","","427353.492919435","","","","","","","","","","467871.852291313","","","","","","","","","","","","","","","511226.127595964","","","","","","","",
"Hong Kong SAR, China","HKG","Urban land area (sq. km)","AG.LND.TOTL.UR.K2","","","","","","","","","","","","","","","","","","","","","","","","","","","","","","","445.3223398818","","","","","","","","","","484.37334152877","","","","","","","","","","","","","","","516.71372699086","","","","","","","",
"Honduras","HND","Urban land area (sq. km)","AG.LND.TOTL.UR.K2","","","","","","","","","","","","","","","","","","","","","","","","","","","","","","","817.13705643949","","","","","","","","","","1125.80097481509","","","","","","","","","","","","","","","1576.92823835852","","","","","","","",
"Heavily indebted poor countries (HIPC)","HPC","Urban land area (sq. km)","AG.LND.TOTL.UR.K2","","","","","","","","","","","","","","","","","","","","","","","","","","","","","","","39734.9810668831","","","","","","","","","","52662.4923265816","","","","","","","","","","","","","","","72874.9165038583","","","","","","","",
"Croatia","HRV","Urban land area (sq. km)","AG.LND.TOTL.UR.K2","","","","","","","","","","","","","","","","","","","","","","","","","","","","","","","1642.07155197418","","","","","","","","","","1624.88270913514","","","","","","","","","","","","","","","1648.41307213538","","","","","","","",
"Haiti","HTI","Urban land area (sq. km)","AG.LND.TOTL.UR.K2","","","","","","","","","","","","","","","","","","","","","","","","","","","","","","","1006.2307852477","","","","","","","","","","1205.5777111173","","","","","","","","","","","","","","","1326.1041259626","","","","","","","",
"Hungary","HUN","Urban land area (sq. km)","AG.LND.TOTL.UR.K2","","","","","","","","","","","","","","","","","","","","","","","","","","","","","","","3743.427075308","","","","","","","","","","3899.667157369","","","","","","","","","","","","","","","3928.8336649","","","","","","","",
"IBRD only","IBD","Urban land area (sq. km)","AG.LND.TOTL.UR.K2","","","","","","","","","","","","","","","","","","","","","","","","","","","","","","","817716.384822106","","","","","","","","","","985085.341129209","","","","","","","","","","","","","","","1177545.86969764","","","","","","","",
"IDA & IBRD total","IBT","Urban land area (sq. km)","AG.LND.TOTL.UR.K2","","","","","","","","","","","","","","","","","","","","","","","","","","","","","","","956826.865801645","","","","","","","","","","1161903.36358212","","","","","","","","","","","","","","","1416815.69945214","","","","","","","",
"IDA total","IDA","Urban land area (sq. km)","AG.LND.TOTL.UR.K2","","","","","","","","","","","","","","","","","","","","","","","","","","","","","","","139110.480979538","","","","","","","","","","176818.022452913","","","","","","","","","","","","","","","239269.829754504","","","","","","","",
"IDA blend","IDB","Urban land area (sq. km)","AG.LND.TOTL.UR.K2","","","","","","","","","","","","","","","","","","","","","","","","","","","","","","","40932.2493625448","","","","","","","","","","57299.6364281792","","","","","","","","","","","","","","","88815.3258457323","","","","","","","",
"Indonesia","IDN","Urban land area (sq. km)","AG.LND.TOTL.UR.K2","","","","","","","","","","","","","","","","","","","","","","","","","","","","","","","43593.45193756","","","","","","","","","","56810.41510525","","","","","","","","","","","","","","","67755.1345869","","","","","","","",
"IDA only","IDX","Urban land area (sq. km)","AG.LND.TOTL.UR.K2","","","","","","","","","","","","","","","","","","","","","","","","","","","","","","","98178.2316169936","","","","","","","","","","119518.386024734","","","","","","","","","","","","","","","150454.503908771","","","","","","","",
"Isle of Man","IMN","Urban land area (sq. km)","AG.LND.TOTL.UR.K2","","","","","","","","","","","","","","","","","","","","","","","","","","","","","","","29.69530250086","","","","","","","","","","31.50907463166","","","","","","","","","","","","","","","38.31179957601","","","","","","","",
"India","IND","Urban land area (sq. km)","AG.LND.TOTL.UR.K2","","","","","","","","","","","","","","","","","","","","","","","","","","","","","","","98799.60601408","","","","","","","","","","125554.29766387","","","","","","","","","","","","","","","171839.18292269","","","","","","","",
"Not classified","INX","Urban land area (sq. km)","AG.LND.TOTL.UR.K2","","","","","","","","","","","","","","","","","","","","","","","","","","","","","","","","","","","","","","","","","","","","","","","","","","","","","","","","","","","","","","","",
"Ireland","IRL","Urban land area (sq. km)","AG.LND.TOTL.UR.K2","","","","","","","","","","","","","","","","","","","","","","","","","","","","","","","854.4926512758","","","","","","","","","","976.5798207758","","","","","","","","","","","","","","","1261.3899500179","","","","","","","",
"Iran, Islamic Rep.","IRN","Urban land area (sq. km)","AG.LND.TOTL.UR.K2","","","","","","","","","","","","","","","","","","","","","","","","","","","","","","","9480.5418464223","","","","","","","","","","13197.1021135427","","","","","","","","","","","","","","","16217.1048470459","","","","","","","",
"Iraq","IRQ","Urban land area (sq. km)","AG.LND.TOTL.UR.K2","","","","","","","","","","","","","","","","","","","","","","","","","","","","","","","3488.0363771179","","","","","","","","","","4482.2222871462","","","","","","","","","","","","","","","6572.9688676668","","","","","","","",
"Iceland","ISL","Urban land area (sq. km)","AG.LND.TOTL.UR.K2","","","","","","","","","","","","","","","","","","","","","","","","","","","","","","","70.714890102567","","","","","","","","","","94.28706086496","","","","","","","","","","","","","","","107.56003068127","","","","","","","",
"Israel","ISR","Urban land area (sq. km)","AG.LND.TOTL.UR.K2","","","","","","","","","","","","","","","","","","","","","","","","","","","","","","","1730.5817759416","","","","","","","","","","2233.6876193126","","","","","","","","","","","","","","","2743.7336323641","","","","","","","",
"Italy","ITA","Urban land area (sq. km)","AG.LND.TOTL.UR.K2","","","","","","","","","","","","","","","","","","","","","","","","","","","","","","","18122.179719957","","","","","","","","","","19312.583044819","","","","","","","","","","","","","","","20916.723170164","","","","","","","",
"Jamaica","JAM","Urban land area (sq. km)","AG.LND.TOTL.UR.K2","","","","","","","","","","","","","","","","","","","","","","","","","","","","","","","765.2656167902","","","","","","","","","","900.4417523259","","","","","","","","","","","","","","","1022.3342016496","","","","","","","",
"Jordan","JOR","Urban land area (sq. km)","AG.LND.TOTL.UR.K2","","","","","","","","","","","","","","","","","","","","","","","","","","","","","","","1053.32480507606","","","","","","","","","","1569.50169499835","","","","","","","","","","","","","","","2170.09018740478","","","","","","","",
"Japan","JPN","Urban land area (sq. km)","AG.LND.TOTL.UR.K2","","","","","","","","","","","","","","","","","","","","","","","","","","","","","","","50992.76311205","","","","","","","","","","52716.86291099","","","","","","","","","","","","","","","53452.06097573","","","","","","","",
"Kazakhstan","KAZ","Urban land area (sq. km)","AG.LND.TOTL.UR.K2","","","","","","","","","","","","","","","","","","","","","","","","","","","","","","","5659.33129713","","","","","","","","","","5709.25132111","","","","","","","","","","","","","","","6363.38993307","","","","","","","",
"Kenya","KEN","Urban land area (sq. km)","AG.LND.TOTL.UR.K2","","","","","","","","","","","","","","","","","","","","","","","","","","","","","","","1418.43057029915","","","","","","","","","","2197.79003314991","","","","","","","","","","","","","","","3416.83689169865","","","","","","","",
"Kyrgyz Republic","KGZ","Urban land area (sq. km)","AG.LND.TOTL.UR.K2","","","","","","","","","","","","","","","","","","","","","","","","","","","","","","","1486.192497193","","","","","","","","","","1788.118350045","","","","","","","","","","","","","","","2136.338095941","","","","","","","",
"Cambodia","KHM","Urban land area (sq. km)","AG.LND.TOTL.UR.K2","","","","","","","","","","","","","","","","","","","","","","","","","","","","","","","949.82475996064","","","","","","","","","","1517.03565426344","","","","","","","","","","","","","","","1838.75313177294","","","","","","","",
"Kiribati","KIR","Urban land area (sq. km)","AG.LND.TOTL.UR.K2","","","","","","","","","","","","","","","","","","","","","","","","","","","","","","","1.0857272413564","","","","","","","","","","1.333440939431","","","","","","","","","","","","","","","5.187512818374","","","","","","","",
"St. Kitts and Nevis","KNA","Urban land area (sq. km)","AG.LND.TOTL.UR.K2","","","","","","","","","","","","","","","","","","","","","","","","","","","","","","","6.238609624907","","","","","","","","","","10.186737127954","","","","","","","","","","","","","","","11.739576243214","","","","","","","",
"Korea, Rep.","KOR","Urban land area (sq. km)","AG.LND.TOTL.UR.K2","","","","","","","","","","","","","","","","","","","","","","","","","","","","","","","8036.643562421","","","","","","","","","","10324.50824179","","","","","","","","","","","","","","","12473.407807643","","","","","","","",
"Kuwait","KWT","Urban land area (sq. km)","AG.LND.TOTL.UR.K2","","","","","","","","","","","","","","","","","","","","","","","","","","","","","","","596.2975091176","","","","","","","","","","636.6046667311","","","","","","","","","","","","","","","772.9420164889","","","","","","","",
"Latin America & Caribbean (excluding high income)","LAC","Urban land area (sq. km)","AG.LND.TOTL.UR.K2","","","","","","","","","","","","","","","","","","","","","","","","","","","","","","","81830.4239142819","","","","","","","","","","99210.9178055693","","","","","","","","","","","","","","","117022.00784029","","","","","","","",
"Lao PDR","LAO","Urban land area (sq. km)","AG.LND.TOTL.UR.K2","","","","","","","","","","","","","","","","","","","","","","","","","","","","","","","241.3509244966","","","","","","","","","","370.37106097","","","","","","","","","","","","","","","542.173193503","","","","","","","",
"Lebanon","LBN","Urban land area (sq. km)","AG.LND.TOTL.UR.K2","","","","","","","","","","","","","","","","","","","","","","","","","","","","","","","904.83060504933","","","","","","","","","","1160.2180874966","","","","","","","","","","","","","","","1871.96834566438","","","","","","","",
"Liberia","LBR","Urban land area (sq. km)","AG.LND.TOTL.UR.K2","","","","","","","","","","","","","","","","","","","","","","","","","","","","","","","426.2282873041","","","","","","","","","","516.7008009045","","","","","","","","","","","","","","","652.5563654118","","","","","","","",
"Libya","LBY","Urban land area (sq. km)","AG.LND.TOTL.UR.K2","","","","","","","","","","","","","","","","","","","","","","","","","","","","","","","2116.5925070777","","","","","","","","","","2510.010888559","","","","","","","","","","","","","","","2958.151043108","","","","","","","",
"St. Lucia","LCA","Urban land area (sq. km)","AG.LND.TOTL.UR.K2","","","","","","","","","","","","","","","","","","","","","","","","","","","","","","","46.14321278874","","","","","","","","","","60.46926231646","","","","","","","","","","","","","","","72.57370005602","","","","","","","",
"Latin America & Caribbean","LCN","Urban land area (sq. km)","AG.LND.TOTL.UR.K2","","","","","","","","","","","","","","","","","","","","","","","","","","","","","","","93818.8155535905","","","","","","","","","","113330.884733181","","","","","","","","","","","","","","","133009.186360598","","","","","","","",
"Least developed countries: UN classification","LDC","Urban land area (sq. km)","AG.LND.TOTL.UR.K2","","","","","","","","","","","","","","","","","","","","","","","","","","","","","","","85982.0455904184","","","","","","","","","","103897.462576362","","","","","","","","","","","","","","","131134.616690616","","","","","","","",
"Low income","LIC","Urban land area (sq. km)","AG.LND.TOTL.UR.K2","","","","","","","","","","","","","","","","","","","","","","","","","","","","","","","30458.3811390671","","","","","","","","","","40588.9024099333","","","","","","","","","","","","","","","56582.7359338639","","","","","","","",
"Liechtenstein","LIE","Urban land area (sq. km)","AG.LND.TOTL.UR.K2","","","","","","","","","","","","","","","","","","","","","","","","","","","","","","","26.8682018407","","","","","","","","","","32.3760868274","","","","","","","","","","","","","","","38.3559506517","","","","","","","",
"Sri Lanka","LKA","Urban land area (sq. km)","AG.LND.TOTL.UR.K2","","","","","","","","","","","","","","","","","","","","","","","","","","","","","","","2517.5845284628","","","","","","","","","","3035.13508699","","","","","","","","","","","","","","","3627.830500845","","","","","","","",
"Lower middle income","LMC","Urban land area (sq. km)","AG.LND.TOTL.UR.K2","","","","","","","","","","","","","","","","","","","","","","","","","","","","","","","340096.90386087","","","","","","","","","","425753.518289458","","","","","","","","","","","","","","","547404.08291666","","","","","","","",
"Low & middle income","LMY","Urban land area (sq. km)","AG.LND.TOTL.UR.K2","","","","","","","","","","","","","","","","","","","","","","","","","","","","","","","933198.451004718","","","","","","","","","","1136501.03762192","","","","","","","","","","","","","","","1389858.92406647","","","","","","","",
"Lesotho","LSO","Urban land area (sq. km)","AG.LND.TOTL.UR.K2","","","","","","","","","","","","","","","","","","","","","","","","","","","","","","","192.607617298","","","","","","","","","","231.5941755232","","","","","","","","","","","","","","","249.9415822788","","","","","","","",
"Late-demographic dividend","LTE","Urban land area (sq. km)","AG.LND.TOTL.UR.K2","","","","","","","","","","","","","","","","","","","","","","","","","","","","","","","553685.662183294","","","","","","","","","","654515.766162938","","","","","","","","","","","","","","","762627.502286344","","","","","","","",
"Lithuania","LTU","Urban land area (sq. km)","AG.LND.TOTL.UR.K2","","","","","","","","","","","","","","","","","","","","","","","","","","","","","","","1187.72445591401","","","","","","","","","","1242.43317353756","","","","","","","","","","","","","","","1185.85017138378","","","","","","","",
"Luxembourg","LUX","Urban land area (sq. km)","AG.LND.TOTL.UR.K2","","","","","","","","","","","","","","","","","","","","","","","","","","","","","","","187.0335327125","","","","","","","","","","208.0600101873","","","","","","","","","","","","","","","283.4979814884","","","","","","","",
"Latvia","LVA","Urban land area (sq. km)","AG.LND.TOTL.UR.K2","","","","","","","","","","","","","","","","","","","","","","","","","","","","","","","810.5150964718","","","","","","","","","","783.9410577866","","","","","","","","","","","","","","","676.2682094441","","","","","","","",
"Macao SAR, China","MAC","Urban land area (sq. km)","AG.LND.TOTL.UR.K2","","","","","","","","","","","","","","","","","","","","","","","","","","","","","","","14.949691924263","","","","","","","","","","17.169205778277","","","","","","","","","","","","","","","17.764426984834","","","","","","","",
"St. Martin (French part)","MAF","Urban land area (sq. km)","AG.LND.TOTL.UR.K2","","","","","","","","","","","","","","","","","","","","","","","","","","","","","","","13.37127775513","","","","","","","","","","18.70554393342","","","","","","","","","","","","","","","21.50833037026","","","","","","","",
"Morocco","MAR","Urban land area (sq. km)","AG.LND.TOTL.UR.K2","","","","","","","","","","","","","","","","","","","","","","","","","","","","","","","3059.0001060017","","","","","","","","","","3858.4642123147","","","","","","","","","","","","","","","4621.3482508848","","","","","","","",
"Monaco","MCO","Urban land area (sq. km)","AG.LND.TOTL.UR.K2","","","","","","","","","","","","","","","","","","","","","","","","","","","","","","","2.7765329661831","","","","","","","","","","2.7765329661831","","","","","","","","","","","","","","","2.7765329661831","","","","","","","",
"Moldova","MDA","Urban land area (sq. km)","AG.LND.TOTL.UR.K2","","","","","","","","","","","","","","","","","","","","","","","","","","","","","","","1610.963555587","","","","","","","","","","1568.589936448","","","","","","","","","","","","","","","1576.100252165","","","","","","","",
"Madagascar","MDG","Urban land area (sq. km)","AG.LND.TOTL.UR.K2","","","","","","","","","","","","","","","","","","","","","","","","","","","","","","","768.5422974461","","","","","","","","","","1127.09160013056","","","","","","","","","","","","","","","1660.5857750213","","","","","","","",
"Maldives","MDV","Urban land area (sq. km)","AG.LND.TOTL.UR.K2","","","","","","","","","","","","","","","","","","","","","","","","","","","","","","","14.255989044599","","","","","","","","","","14.791442647616","","","","","","","","","","","","","","","14.354530593667","","","","","","","",
"Middle East & North Africa","MEA","Urban land area (sq. km)","AG.LND.TOTL.UR.K2","","","","","","","","","","","","","","","","","","","","","","","","","","","","","","","55984.0144886625","","","","","","","","","","71745.1336945468","","","","","","","","","","","","","","","90352.0021962127","","","","","","","",
"Mexico","MEX","Urban land area (sq. km)","AG.LND.TOTL.UR.K2","","","","","","","","","","","","","","","","","","","","","","","","","","","","","","","17098.266372247","","","","","","","","","","21841.732487621","","","","","","","","","","","","","","","28588.131604943","","","","","","","",
"Marshall Islands","MHL","Urban land area (sq. km)","AG.LND.TOTL.UR.K2","","","","","","","","","","","","","","","","","","","","","","","","","","","","","","","4.307763281416","","","","","","","","","","6.569878989044","","","","","","","","","","","","","","","8.618052053411","","","","","","","",
"Middle income","MIC","Urban land area (sq. km)","AG.LND.TOTL.UR.K2","","","","","","","","","","","","","","","","","","","","","","","","","","","","","","","902740.069865651","","","","","","","","","","1095912.13521199","","","","","","","","","","","","","","","1333276.18813261","","","","","","","",
"North Macedonia","MKD","Urban land area (sq. km)","AG.LND.TOTL.UR.K2","","","","","","","","","","","","","","","","","","","","","","","","","","","","","","","569.744911154","","","","","","","","","","641.064557603","","","","","","","","","","","","","","","701.267863161","","","","","","","",
"Mali","MLI","Urban land area (sq. km)","AG.LND.TOTL.UR.K2","","","","","","","","","","","","","","","","","","","","","","","","","","","","","","","923.694601746","","","","","","","","","","1118.293872487","","","","","","","","","","","","","","","1505.01865677","","","","","","","",
"Malta","MLT","Urban land area (sq. km)","AG.LND.TOTL.UR.K2","","","","","","","","","","","","","","","","","","","","","","","","","","","","","","","158.463668072689","","","","","","","","","","166.251930471697","","","","","","","","","","","","","","","173.523418827177","","","","","","","",
"Myanmar","MMR","Urban land area (sq. km)","AG.LND.TOTL.UR.K2","","","","","","","","","","","","","","","","","","","","","","","","","","","","","","","3340.8028190284","","","","","","","","","","4901.510559999","","","","","","","","","","","","","","","5783.529448955","","","","","","","",
"Middle East & North Africa (excluding high income)","MNA","Urban land area (sq. km)","AG.LND.TOTL.UR.K2","","","","","","","","","","","","","","","","","","","","","","","","","","","","","","","46191.2103488486","","","","","","","","","","59587.4711386073","","","","","","","","","","","","","","","74133.2247458627","","","","","","","",
"Montenegro","MNE","Urban land area (sq. km)","AG.LND.TOTL.UR.K2","","","","","","","","","","","","","","","","","","","","","","","","","","","","","","","259.26134938785","","","","","","","","","","281.62536653705","","","","","","","","","","","","","","","294.64919953349","","","","","","","",
"Mongolia","MNG","Urban land area (sq. km)","AG.LND.TOTL.UR.K2","","","","","","","","","","","","","","","","","","","","","","","","","","","","","","","305.607481828","","","","","","","","","","331.570432837","","","","","","","","","","","","","","","354.977871666","","","","","","","",
"Northern Mariana Islands","MNP","Urban land area (sq. km)","AG.LND.TOTL.UR.K2","","","","","","","","","","","","","","","","","","","","","","","","","","","","","","","25.55856573486","","","","","","","","","","30.64031680955","","","","","","","","","","","","","","","25.55856573486","","","","","","","",
"Mozambique","MOZ","Urban land area (sq. km)","AG.LND.TOTL.UR.K2","","","","","","","","","","","","","","","","","","","","","","","","","","","","","","","1721.5172686525","","","","","","","","","","2231.822115818","","","","","","","","","","","","","","","2943.1988638828","","","","","","","",
"Mauritania","MRT","Urban land area (sq. km)","AG.LND.TOTL.UR.K2","","","","","","","","","","","","","","","","","","","","","","","","","","","","","","","254.95171308699","","","","","","","","","","298.94962576366","","","","","","","","","","","","","","","373.5388785956","","","","","","","",
"Mauritius","MUS","Urban land area (sq. km)","AG.LND.TOTL.UR.K2","","","","","","","","","","","","","","","","","","","","","","","","","","","","","","","311.35414443167","","","","","","","","","","323.57012570872","","","","","","","","","","","","","","","475.80354239703","","","","","","","",
"Malawi","MWI","Urban land area (sq. km)","AG.LND.TOTL.UR.K2","","","","","","","","","","","","","","","","","","","","","","","","","","","","","","","401.659663474","","","","","","","","","","530.135803877","","","","","","","","","","","","","","","770.86144894","","","","","","","",
"Malaysia","MYS","Urban land area (sq. km)","AG.LND.TOTL.UR.K2","","","","","","","","","","","","","","","","","","","","","","","","","","","","","","","7531.974293058","","","","","","","","","","9469.324429869","","","","","","","","","","","","","","","11417.635397424","","","","","","","",
"North America","NAC","Urban land area (sq. km)","AG.LND.TOTL.UR.K2","","","","","","","","","","","","","","","","","","","","","","","","","","","","","","","157772.409377893","","","","","","","","","","178742.82704887","","","","","","","","","","","","","","","200598.528228731","","","","","","","",
"Namibia","NAM","Urban land area (sq. km)","AG.LND.TOTL.UR.K2","","","","","","","","","","","","","","","","","","","","","","","","","","","","","","","168.039303432976","","","","","","","","","","267.30578628942","","","","","","","","","","","","","","","342.317614387356","","","","","","","",
"New Caledonia","NCL","Urban land area (sq. km)","AG.LND.TOTL.UR.K2","","","","","","","","","","","","","","","","","","","","","","","","","","","","","","","42.71228931099","","","","","","","","","","50.13103992308","","","","","","","","","","","","","","","89.0001338187","","","","","","","",
"Niger","NER","Urban land area (sq. km)","AG.LND.TOTL.UR.K2","","","","","","","","","","","","","","","","","","","","","","","","","","","","","","","612.223880013","","","","","","","","","","792.176001659","","","","","","","","","","","","","","","1313.950219126","","","","","","","",
"Nigeria","NGA","Urban land area (sq. km)","AG.LND.TOTL.UR.K2","","","","","","","","","","","","","","","","","","","","","","","","","","","","","","","15004.189086348","","","","","","","","","","18771.468907667","","","","","","","","","","","","","","","25189.868658669","","","","","","","",
"Nicaragua","NIC","Urban land area (sq. km)","AG.LND.TOTL.UR.K2","","","","","","","","","","","","","","","","","","","","","","","","","","","","","","","680.79419993099","","","","","","","","","","818.2837511584","","","","","","","","","","","","","","","992.82935686176","","","","","","","",
"Netherlands","NLD","Urban land area (sq. km)","AG.LND.TOTL.UR.K2","","","","","","","","","","","","","","","","","","","","","","","","","","","","","","","6941.632232746","","","","","","","","","","7724.295165979","","","","","","","","","","","","","","","8322.489140267","","","","","","","",
"Norway","NOR","Urban land area (sq. km)","AG.LND.TOTL.UR.K2","","","","","","","","","","","","","","","","","","","","","","","","","","","","","","","1674.28988287485","","","","","","","","","","1793.04451938675","","","","","","","","","","","","","","","2007.78451002665","","","","","","","",
"Nepal","NPL","Urban land area (sq. km)","AG.LND.TOTL.UR.K2","","","","","","","","","","","","","","","","","","","","","","","","","","","","","","","2178.460216849","","","","","","","","","","1888.331119057","","","","","","","","","","","","","","","3041.754743167","","","","","","","",
"Nauru","NRU","Urban land area (sq. km)","AG.LND.TOTL.UR.K2","","","","","","","","","","","","","","","","","","","","","","","","","","","","","","","6.88847097568","","","","","","","","","","6.98027799837","","","","","","","","","","","","","","","6.98027799837","","","","","","","",
"New Zealand","NZL","Urban land area (sq. km)","AG.LND.TOTL.UR.K2","","","","","","","","","","","","","","","","","","","","","","","","","","","","","","","1740.8617892955","","","","","","","","","","1840.8777891166","","","","","","","","","","","","","","","1970.2923058736","","","","","","","",
"OECD members","OED","Urban land area (sq. km)","AG.LND.TOTL.UR.K2","","","","","","","","","","","","","","","","","","","","","","","","","","","","","","","431595.873075095","","","","","","","","","","477478.844511294","","","","","","","","","","","","","","","526444.545919286","","","","","","","",
"Oman","OMN","Urban land area (sq. km)","AG.LND.TOTL.UR.K2","","","","","","","","","","","","","","","","","","","","","","","","","","","","","","","712.62397543885","","","","","","","","","","983.31574603109","","","","","","","","","","","","","","","1500.4942670095","","","","","","","",
"Other small states","OSS","Urban land area (sq. km)","AG.LND.TOTL.UR.K2","","","","","","","","","","","","","","","","","","","","","","","","","","","","","","","3995.99221868429","","","","","","","","","","4934.3615825817","","","","","","","","","","","","","","","6202.27642420543","","","","","","","",
"Pakistan","PAK","Urban land area (sq. km)","AG.LND.TOTL.UR.K2","","","","","","","","","","","","","","","","","","","","","","","","","","","","","","","9769.5392771029","","","","","","","","","","18284.7254305911","","","","","","","","","","","","","","","39082.0219712556","","","","","","","",
"Panama","PAN","Urban land area (sq. km)","AG.LND.TOTL.UR.K2","","","","","","","","","","","","","","","","","","","","","","","","","","","","","","","696.37726884993","","","","","","","","","","868.8400231741","","","","","","","","","","","","","","","1070.9807851155","","","","","","","",
"Peru","PER","Urban land area (sq. km)","AG.LND.TOTL.UR.K2","","","","","","","","","","","","","","","","","","","","","","","","","","","","","","","2584.0411999446","","","","","","","","","","2964.8029127171","","","","","","","","","","","","","","","3457.8679334828","","","","","","","",
"Philippines","PHL","Urban land area (sq. km)","AG.LND.TOTL.UR.K2","","","","","","","","","","","","","","","","","","","","","","","","","","","","","","","7769.962461667","","","","","","","","","","9407.764673368","","","","","","","","","","","","","","","12151.465331954","","","","","","","",
"Palau","PLW","Urban land area (sq. km)","AG.LND.TOTL.UR.K2","","","","","","","","","","","","","","","","","","","","","","","","","","","","","","","4.89320180006","","","","","","","","","","4.89320180006","","","","","","","","","","","","","","","4.89320180006","","","","","","","",
"Papua New Guinea","PNG","Urban land area (sq. km)","AG.LND.TOTL.UR.K2","","","","","","","","","","","","","","","","","","","","","","","","","","","","","","","279.63313532208","","","","","","","","","","320.6937924141","","","","","","","","","","","","","","","415.3979694972","","","","","","","",
"Poland","POL","Urban land area (sq. km)","AG.LND.TOTL.UR.K2","","","","","","","","","","","","","","","","","","","","","","","","","","","","","","","12463.9897523084","","","","","","","","","","13503.1028531104","","","","","","","","","","","","","","","14773.8047216808","","","","","","","",
"Pre-demographic dividend","PRE","Urban land area (sq. km)","AG.LND.TOTL.UR.K2","","","","","","","","","","","","","","","","","","","","","","","","","","","","","","","50882.6402578296","","","","","","","","","","66778.557953869","","","","","","","","","","","","","","","93257.7012162311","","","","","","","",
"Puerto Rico","PRI","Urban land area (sq. km)","AG.LND.TOTL.UR.K2","","","","","","","","","","","","","","","","","","","","","","","","","","","","","","","2004.0693856062","","","","","","","","","","2284.4595736402","","","","","","","","","","","","","","","2390.7313461592","","","","","","","",
"Korea, Dem. People's Rep.","PRK","Urban land area (sq. km)","AG.LND.TOTL.UR.K2","","","","","","","","","","","","","","","","","","","","","","","","","","","","","","","2224.5307896724","","","","","","","","","","2475.1887327447","","","","","","","","","","","","","","","2678.3449841565","","","","","","","",
"Portugal","PRT","Urban land area (sq. km)","AG.LND.TOTL.UR.K2","","","","","","","","","","","","","","","","","","","","","","","","","","","","","","","3898.8335381078","","","","","","","","","","4069.3364688918","","","","","","","","","","","","","","","4165.1466845851","","","","","","","",
"Paraguay","PRY","Urban land area (sq. km)","AG.LND.TOTL.UR.K2","","","","","","","","","","","","","","","","","","","","","","","","","","","","","","","936.066655896","","","","","","","","","","1124.887336219","","","","","","","","","","","","","","","1320.83127312","","","","","","","",
"West Bank and Gaza","PSE","Urban land area (sq. km)","AG.LND.TOTL.UR.K2","","","","","","","","","","","","","","","","","","","","","","","","","","","","","","","857.08968036155","","","","","","","","","","1211.92105441191","","","","","","","","","","","","","","","1629.72001470289","","","","","","","",
"Pacific island small states","PSS","Urban land area (sq. km)","AG.LND.TOTL.UR.K2","","","","","","","","","","","","","","","","","","","","","","","","","","","","","","","172.163508214698","","","","","","","","","","191.108774832135","","","","","","","","","","","","","","","292.561495650696","","","","","","","",
"Post-demographic dividend","PST","Urban land area (sq. km)","AG.LND.TOTL.UR.K2","","","","","","","","","","","","","","","","","","","","","","","","","","","","","","","408819.771600624","","","","","","","","","","443802.516926894","","","","","","","","","","","","","","","479395.744411982","","","","","","","",
"French Polynesia","PYF","Urban land area (sq. km)","AG.LND.TOTL.UR.K2","","","","","","","","","","","","","","","","","","","","","","","","","","","","","","","66.53763311363","","","","","","","","","","77.33339107498","","","","","","","","","","","","","","","84.93705085884","","","","","","","",
"Qatar","QAT","Urban land area (sq. km)","AG.LND.TOTL.UR.K2","","","","","","","","","","","","","","","","","","","","","","","","","","","","","","","349.3405435906","","","","","","","","","","416.72050111764","","","","","","","","","","","","","","","678.0532012112","","","","","","","",
"Romania","ROU","Urban land area (sq. km)","AG.LND.TOTL.UR.K2","","","","","","","","","","","","","","","","","","","","","","","","","","","","","","","5701.55089285253","","","","","","","","","","5588.37440686281","","","","","","","","","","","","","","","5124.83437695558","","","","","","","",
"Russian Federation","RUS","Urban land area (sq. km)","AG.LND.TOTL.UR.K2","","","","","","","","","","","","","","","","","","","","","","","","","","","","","","","51076.668331033","","","","","","","","","","52919.540650472","","","","","","","","","","","","","","","52886.954870232","","","","","","","",
"Rwanda","RWA","Urban land area (sq. km)","AG.LND.TOTL.UR.K2","","","","","","","","","","","","","","","","","","","","","","","","","","","","","","","794.945566324","","","","","","","","","","991.884960256","","","","","","","","","","","","","","","1506.225742599","","","","","","","",
"South Asia","SAS","Urban land area (sq. km)","AG.LND.TOTL.UR.K2","","","","","","","","","","","","","","","","","","","","","","","","","","","","","","","160899.026975698","","","","","","","","","","202181.031494788","","","","","","","","","","","","","","","278597.60423775","","","","","","","",
"Saudi Arabia","SAU","Urban land area (sq. km)","AG.LND.TOTL.UR.K2","","","","","","","","","","","","","","","","","","","","","","","","","","","","","","","4925.5365305273","","","","","","","","","","6050.7449820894","","","","","","","","","","","","","","","7756.634131739","","","","","","","",
"Sudan","SDN","Urban land area (sq. km)","AG.LND.TOTL.UR.K2","","","","","","","","","","","","","","","","","","","","","","","","","","","","","","","2248.01110046374","","","","","","","","","","2928.38470101642","","","","","","","","","","","","","","","3789.64446851927","","","","","","","",
"Senegal","SEN","Urban land area (sq. km)","AG.LND.TOTL.UR.K2","","","","","","","","","","","","","","","","","","","","","","","","","","","","","","","855.2445520298","","","","","","","","","","1047.2480902162","","","","","","","","","","","","","","","1566.4038213702","","","","","","","",
"Singapore","SGP","Urban land area (sq. km)","AG.LND.TOTL.UR.K2","","","","","","","","","","","","","","","","","","","","","","","","","","","","","","","420.68631243053","","","","","","","","","","427.637087243538","","","","","","","","","","","","","","","454.083842663704","","","","","","","",
"Solomon Islands","SLB","Urban land area (sq. km)","AG.LND.TOTL.UR.K2","","","","","","","","","","","","","","","","","","","","","","","","","","","","","","","13.704975608692","","","","","","","","","","21.96598239238","","","","","","","","","","","","","","","37.833488396338","","","","","","","",
"Sierra Leone","SLE","Urban land area (sq. km)","AG.LND.TOTL.UR.K2","","","","","","","","","","","","","","","","","","","","","","","","","","","","","","","376.9897640845","","","","","","","","","","487.4739076209","","","","","","","","","","","","","","","713.58051596621","","","","","","","",
"El Salvador","SLV","Urban land area (sq. km)","AG.LND.TOTL.UR.K2","","","","","","","","","","","","","","","","","","","","","","","","","","","","","","","928.5674049939","","","","","","","","","","1259.0012304551","","","","","","","","","","","","","","","1559.8746058082","","","","","","","",
"San Marino","SMR","Urban land area (sq. km)","AG.LND.TOTL.UR.K2","","","","","","","","","","","","","","","","","","","","","","","","","","","","","","","17.4402822107","","","","","","","","","","18.6112290323","","","","","","","","","","","","","","","22.0137373377","","","","","","","",
"Somalia","SOM","Urban land area (sq. km)","AG.LND.TOTL.UR.K2","","","","","","","","","","","","","","","","","","","","","","","","","","","","","","","807.22632517012","","","","","","","","","","895.76272176713","","","","","","","","","","","","","","","1451.27476161036","","","","","","","",
"Serbia","SRB","Urban land area (sq. km)","AG.LND.TOTL.UR.K2","","","","","","","","","","","","","","","","","","","","","","","","","","","","","","","2406.75905632","","","","","","","","","","2511.142793042","","","","","","","","","","","","","","","2323.390620357","","","","","","","",
"Sub-Saharan Africa (excluding high income)","SSA","Urban land area (sq. km)","AG.LND.TOTL.UR.K2","","","","","","","","","","","","","","","","","","","","","","","","","","","","","","","66183.4073214531","","","","","","","","","","85976.6594879046","","","","","","","","","","","","","","","115017.744536663","","","","","","","",
"South Sudan","SSD","Urban land area (sq. km)","AG.LND.TOTL.UR.K2","","","","","","","","","","","","","","","","","","","","","","","","","","","","","","","337.133830868","","","","","","","","","","448.18736254","","","","","","","","","","","","","","","666.354721617","","","","","","","",
"Sub-Saharan Africa","SSF","Urban land area (sq. km)","AG.LND.TOTL.UR.K2","","","","","","","","","","","","","","","","","","","","","","","","","","","","","","","66192.1776011306","","","","","","","","","","85988.7559495676","","","","","","","","","","","","","","","115031.112066813","","","","","","","",
"Small states","SST","Urban land area (sq. km)","AG.LND.TOTL.UR.K2","","","","","","","","","","","","","","","","","","","","","","","","","","","","","","","6453.22796481247","","","","","","","","","","7789.56682298021","","","","","","","","","","","","","","","9545.94510076904","","","","","","","",
"Sao Tome and Principe","STP","Urban land area (sq. km)","AG.LND.TOTL.UR.K2","","","","","","","","","","","","","","","","","","","","","","","","","","","","","","","8.49129305885","","","","","","","","","","12.00397061289","","","","","","","","","","","","","","","10.250144466754","","","","","","","",
"Suriname","SUR","Urban land area (sq. km)","AG.LND.TOTL.UR.K2","","","","","","","","","","","","","","","","","","","","","","","","","","","","","","","126.23870024954","","","","","","","","","","179.48168035293","","","","","","","","","","","","","","","261.3952571006","","","","","","","",
"Slovak Republic","SVK","Urban land area (sq. km)","AG.LND.TOTL.UR.K2","","","","","","","","","","","","","","","","","","","","","","","","","","","","","","","1602.722105864","","","","","","","","","","1666.238739195","","","","","","","","","","","","","","","1805.386355954","","","","","","","",
"Slovenia","SVN","Urban land area (sq. km)","AG.LND.TOTL.UR.K2","","","","","","","","","","","","","","","","","","","","","","","","","","","","","","","735.43864021051","","","","","","","","","","763.12914231511","","","","","","","","","","","","","","","804.81156983879","","","","","","","",
"Sweden","SWE","Urban land area (sq. km)","AG.LND.TOTL.UR.K2","","","","","","","","","","","","","","","","","","","","","","","","","","","","","","","3771.8122801669","","","","","","","","","","3846.6625794668","","","","","","","","","","","","","","","4064.228260083","","","","","","","",
"Eswatini","SWZ","Urban land area (sq. km)","AG.LND.TOTL.UR.K2","","","","","","","","","","","","","","","","","","","","","","","","","","","","","","","82.6204962246","","","","","","","","","","126.921333477","","","","","","","","","","","","","","","177.918670865","","","","","","","",
"Sint Maarten (Dutch part)","SXM","Urban land area (sq. km)","AG.LND.TOTL.UR.K2","","","","","","","","","","","","","","","","","","","","","","","","","","","","","","","19.960950428601","","","","","","","","","","22.489805901201","","","","","","","","","","","","","","","24.87416134002","","","","","","","",
"Seychelles","SYC","Urban land area (sq. km)","AG.LND.TOTL.UR.K2","","","","","","","","","","","","","","","","","","","","","","","","","","","","","","","8.770279677587","","","","","","","","","","12.09646166302","","","","","","","","","","","","","","","13.36753015034","","","","","","","",
"Syrian Arab Republic","SYR","Urban land area (sq. km)","AG.LND.TOTL.UR.K2","","","","","","","","","","","","","","","","","","","","","","","","","","","","","","","3065.48125082471","","","","","","","","","","4189.8084837048","","","","","","","","","","","","","","","5092.2501822119","","","","","","","",
"Turks and Caicos Islands","TCA","Urban land area (sq. km)","AG.LND.TOTL.UR.K2","","","","","","","","","","","","","","","","","","","","","","","","","","","","","","","0","","","","","","","","","","9.88598269166","","","","","","","","","","","","","","","24.42843303038","","","","","","","",
"Chad","TCD","Urban land area (sq. km)","AG.LND.TOTL.UR.K2","","","","","","","","","","","","","","","","","","","","","","","","","","","","","","","528.105601288","","","","","","","","","","705.178164059","","","","","","","","","","","","","","","948.824137612","","","","","","","",
"East Asia & Pacific (IDA & IBRD countries)","TEA","Urban land area (sq. km)","AG.LND.TOTL.UR.K2","","","","","","","","","","","","","","","","","","","","","","","","","","","","","","","458840.513634336","","","","","","","","","","561383.965484127","","","","","","","","","","","","","","","671093.352486524","","","","","","","",
"Europe & Central Asia (IDA & IBRD countries)","TEC","Urban land area (sq. km)","AG.LND.TOTL.UR.K2","","","","","","","","","","","","","","","","","","","","","","","","","","","","","","","136831.924820533","","","","","","","","","","146397.229857284","","","","","","","","","","","","","","","152847.242380319","","","","","","","",
"Togo","TGO","Urban land area (sq. km)","AG.LND.TOTL.UR.K2","","","","","","","","","","","","","","","","","","","","","","","","","","","","","","","563.69570918782","","","","","","","","","","728.3337347472","","","","","","","","","","","","","","","895.2206285914","","","","","","","",
"Thailand","THA","Urban land area (sq. km)","AG.LND.TOTL.UR.K2","","","","","","","","","","","","","","","","","","","","","","","","","","","","","","","12420.820841777","","","","","","","","","","16567.840710208","","","","","","","","","","","","","","","19506.66092189","","","","","","","",
"Tajikistan","TJK","Urban land area (sq. km)","AG.LND.TOTL.UR.K2","","","","","","","","","","","","","","","","","","","","","","","","","","","","","","","2447.739098735","","","","","","","","","","2983.00338548","","","","","","","","","","","","","","","3745.362280764","","","","","","","",
"Turkmenistan","TKM","Urban land area (sq. km)","AG.LND.TOTL.UR.K2","","","","","","","","","","","","","","","","","","","","","","","","","","","","","","","1275.047336794","","","","","","","","","","1743.072906522","","","","","","","","","","","","","","","2004.623641174","","","","","","","",
"Latin America & the Caribbean (IDA & IBRD countries)","TLA","Urban land area (sq. km)","AG.LND.TOTL.UR.K2","","","","","","","","","","","","","","","","","","","","","","","","","","","","","","","88729.1021014602","","","","","","","","","","107576.83071216","","","","","","","","","","","","","","","126742.883549577","","","","","","","",
"Timor-Leste","TLS","Urban land area (sq. km)","AG.LND.TOTL.UR.K2","","","","","","","","","","","","","","","","","","","","","","","","","","","","","","","41.637910283672","","","","","","","","","","58.74173346666","","","","","","","","","","","","","","","74.47177288071","","","","","","","",
"Middle East & North Africa (IDA & IBRD countries)","TMN","Urban land area (sq. km)","AG.LND.TOTL.UR.K2","","","","","","","","","","","","","","","","","","","","","","","","","","","","","","","45334.1206684871","","","","","","","","","","58375.5500841954","","","","","","","","","","","","","","","72503.5047311597","","","","","","","",
"Tonga","TON","Urban land area (sq. km)","AG.LND.TOTL.UR.K2","","","","","","","","","","","","","","","","","","","","","","","","","","","","","","","29.07690714389","","","","","","","","","","26.05533072814","","","","","","","","","","","","","","","29.64733846208","","","","","","","",
"South Asia (IDA & IBRD)","TSA","Urban land area (sq. km)","AG.LND.TOTL.UR.K2","","","","","","","","","","","","","","","","","","","","","","","","","","","","","","","160899.026975698","","","","","","","","","","202181.031494788","","","","","","","","","","","","","","","278597.60423775","","","","","","","",
"Sub-Saharan Africa (IDA & IBRD countries)","TSS","Urban land area (sq. km)","AG.LND.TOTL.UR.K2","","","","","","","","","","","","","","","","","","","","","","","","","","","","","","","66192.1776011306","","","","","","","","","","85988.7559495676","","","","","","","","","","","","","","","115031.112066813","","","","","","","",
"Trinidad and Tobago","TTO","Urban land area (sq. km)","AG.LND.TOTL.UR.K2","","","","","","","","","","","","","","","","","","","","","","","","","","","","","","","648.60209913889","","","","","","","","","","715.56264136699","","","","","","","","","","","","","","","812.96086791395","","","","","","","",
"Tunisia","TUN","Urban land area (sq. km)","AG.LND.TOTL.UR.K2","","","","","","","","","","","","","","","","","","","","","","","","","","","","","","","2135.1017614404","","","","","","","","","","2481.176695368","","","","","","","","","","","","","","","2877.948643634","","","","","","","",
"Turkiye","TUR","Urban land area (sq. km)","AG.LND.TOTL.UR.K2","","","","","","","","","","","","","","","","","","","","","","","","","","","","","","","10117.1582532431","","","","","","","","","","13051.678934934","","","","","","","","","","","","","","","15460.688239453","","","","","","","",
"Tuvalu","TUV","Urban land area (sq. km)","AG.LND.TOTL.UR.K2","","","","","","","","","","","","","","","","","","","","","","","","","","","","","","","0","","","","","","","","","","0","","","","","","","","","","","","","","","0","","","","","","","",
"Tanzania","TZA","Urban land area (sq. km)","AG.LND.TOTL.UR.K2","","","","","","","","","","","","","","","","","","","","","","","","","","","","","","","2743.6695288778","","","","","","","","","","3766.2190012778","","","","","","","","","","","","","","","5282.8699697124","","","","","","","",
"Uganda","UGA","Urban land area (sq. km)","AG.LND.TOTL.UR.K2","","","","","","","","","","","","","","","","","","","","","","","","","","","","","","","1690.70118101","","","","","","","","","","2506.723587437","","","","","","","","","","","","","","","3854.11813924","","","","","","","",
"Ukraine","UKR","Urban land area (sq. km)","AG.LND.TOTL.UR.K2","","","","","","","","","","","","","","","","","","","","","","","","","","","","","","","17618.8557873471","","","","","","","","","","17214.0328453386","","","","","","","","","","","","","","","16271.2950148036","","","","","","","",
"Upper middle income","UMC","Urban land area (sq. km)","AG.LND.TOTL.UR.K2","","","","","","","","","","","","","","","","","","","","","","","","","","","","","","","562643.166004781","","","","","","","","","","670158.616922532","","","","","","","","","","","","","","","785872.105215949","","","","","","","",
"Uruguay","URY","Urban land area (sq. km)","AG.LND.TOTL.UR.K2","","","","","","","","","","","","","","","","","","","","","","","","","","","","","","","836.6392554592","","","","","","","","","","953.2953664712","","","","","","","","","","","","","","","1017.8713686083","","","","","","","",
"United States","USA","Urban land area (sq. km)","AG.LND.TOTL.UR.K2","","","","","","","","","","","","","","","","","","","","","","","","","","","","","","","145961.87923442","","","","","","","","","","165933.172326772","","","","","","","","","","","","","","","186573.446684379","","","","","","","",
"Uzbekistan","UZB","Urban land area (sq. km)","AG.LND.TOTL.UR.K2","","","","","","","","","","","","","","","","","","","","","","","","","","","","","","","10833.61842591","","","","","","","","","","13159.14531138","","","","","","","","","","","","","","","15432.20254693","","","","","","","",
"St. Vincent and the Grenadines","VCT","Urban land area (sq. km)","AG.LND.TOTL.UR.K2","","","","","","","","","","","","","","","","","","","","","","","","","","","","","","","58.091228270678","","","","","","","","","","67.743209397148","","","","","","","","","","","","","","","68.762647893978","","","","","","","",
"Venezuela, RB","VEN","Urban land area (sq. km)","AG.LND.TOTL.UR.K2","","","","","","","","","","","","","","","","","","","","","","","","","","","","","","","4545.0385254921","","","","","","","","","","5449.132491294","","","","","","","","","","","","","","","6248.974133367","","","","","","","",
"British Virgin Islands","VGB","Urban land area (sq. km)","AG.LND.TOTL.UR.K2","","","","","","","","","","","","","","","","","","","","","","","","","","","","","","","0","","","","","","","","","","7.26270665788","","","","","","","","","","","","","","","14.44612027988","","","","","","","",
"Virgin Islands (U.S.)","VIR","Urban land area (sq. km)","AG.LND.TOTL.UR.K2","","","","","","","","","","","","","","","","","","","","","","","","","","","","","","","75.44978137939","","","","","","","","","","82.49559979955","","","","","","","","","","","","","","","86.3699534747","","","","","","","",
"Viet Nam","VNM","Urban land area (sq. km)","AG.LND.TOTL.UR.K2","","","","","","","","","","","","","","","","","","","","","","","","","","","","","","","19737.48115501","","","","","","","","","","24722.19864016","","","","","","","","","","","","","","","28615.40605963","","","","","","","",
"Vanuatu","VUT","Urban land area (sq. km)","AG.LND.TOTL.UR.K2","","","","","","","","","","","","","","","","","","","","","","","","","","","","","","","11.13707165793","","","","","","","","","","17.942869940746","","","","","","","","","","","","","","","27.94289546269","","","","","","","",
"World","WLD","Urban land area (sq. km)","AG.LND.TOTL.UR.K2","","","","","","","","","","","","","","","","","","","","","","","","","","","","","","","1365096.98244964","","","","","","","","","","1609822.02240453","","","","","","","","","","","","","","","1907334.0257958","","","","","","","",
"Samoa","WSM","Urban land area (sq. km)","AG.LND.TOTL.UR.K2","","","","","","","","","","","","","","","","","","","","","","","","","","","","","","","15.22739576177","","","","","","","","","","17.16251509641","","","","","","","","","","","","","","","46.6826444205","","","","","","","",
"Kosovo","XKX","Urban land area (sq. km)","AG.LND.TOTL.UR.K2","","","","","","","","","","","","","","","","","","","","","","","","","","","","","","","","","","","","","","","","","","","","","","","","","","","","","","","","","","","","","","","",
"Yemen, Rep.","YEM","Urban land area (sq. km)","AG.LND.TOTL.UR.K2","","","","","","","","","","","","","","","","","","","","","","","","","","","","","","","886.97293582933","","","","","","","","","","1214.3049454725","","","","","","","","","","","","","","","1795.3632958403","","","","","","","",
"South Africa","ZAF","Urban land area (sq. km)","AG.LND.TOTL.UR.K2","","","","","","","","","","","","","","","","","","","","","","","","","","","","","","","10324.5223022098","","","","","","","","","","13237.851396307","","","","","","","","","","","","","","","15118.6620802909","","","","","","","",
"Zambia","ZMB","Urban land area (sq. km)","AG.LND.TOTL.UR.K2","","","","","","","","","","","","","","","","","","","","","","","","","","","","","","","1433.01889086","","","","","","","","","","1684.217586647","","","","","","","","","","","","","","","2079.135102238","","","","","","","",
"Zimbabwe","ZWE","Urban land area (sq. km)","AG.LND.TOTL.UR.K2","","","","","","","","","","","","","","","","","","","","","","","","","","","","","","","1384.308393719","","","","","","","","","","1714.541408567","","","","","","","","","","","","","","","2024.485896677","","","","","","","",
